Track,Album,Metric,Metric Value
Still Feel Like Your Man,The Search for Everything,Duration,0.5287031027793441
Emoji of a Wave,The Search for Everything,Duration,0.5455345015302884
Helpless,The Search for Everything,Duration,0.5790625343561262
Love on the Weekend,The Search for Everything,Duration,0.44855358491770486
In the Blood,The Search for Everything,Duration,0.5597202569040298
Changing,The Search for Everything,Duration,0.4512488784387158
"Theme from ""The Search for Everything""",The Search for Everything,Duration,0.09196979852680931
Moving On and Getting Over,The Search for Everything,Duration,0.6366567011735167
Never on the Day You Leave,The Search for Everything,Duration,0.47886145127370355
Rosie,The Search for Everything,Duration,0.5489390828199863
Roll it on Home,The Search for Everything,Duration,0.4148375908331649
You're Gonna Live Forever in Me,The Search for Everything,Duration,0.3694431736371922
Wildfire,Paradise Valley,Duration,0.5945711114184691
Dear Marie,Paradise Valley,Duration,0.4854365488894327
Waitin' On The Day,Paradise Valley,Duration,0.6639855589010295
Paper Doll,Paradise Valley,Duration,0.608377397835963
Call Me The Breeze,Paradise Valley,Duration,0.4238703705673948
Who You Love (feat. Katy Perry),Paradise Valley,Duration,0.5819457891358393
I Will Be Found (Lost At Sea),Paradise Valley,Duration,0.5514925187872597
Wildfire (feat. Frank Ocean),Paradise Valley,Duration,0.0
You're No One 'Til Someone Lets You Down,Paradise Valley,Duration,0.2807360988463435
Badge And Gun,Paradise Valley,Duration,0.37757515790518953
On The Way Home,Paradise Valley,Duration,0.545108928869076
Queen of California,Born and Raised,Duration,0.5826550769045262
The Age of Worry,Born and Raised,Duration,0.2544428012611137
Shadow Days,Born and Raised,Duration,0.5047752799026857
Speak For Me,Born and Raised,Duration,0.49238756902256603
Something Like Olivia,Born and Raised,Duration,0.3361527522138645
Born and Raised,Born and Raised,Duration,0.7156713586052565
If I Ever Get Around To Living,Born and Raised,Duration,0.8365339943895338
Love Is A Verb,Born and Raised,Duration,0.20767945867157495
"Walt Grace's Submarine Test, January 1967",Born and Raised,Duration,0.7878272033137925
"Whiskey, Whiskey, Whiskey",Born and Raised,Duration,0.6838456164242677
A Face To Call Home,Born and Raised,Duration,0.7073939703446785
Born and Raised - Reprise,Born and Raised,Duration,0.1236501367152174
Heartbreak Warfare,Battle Studies,Duration,0.6521191745308947
All We Ever Do Is Say Goodbye,Battle Studies,Duration,0.6717877243565873
Half of My Heart,Battle Studies,Duration,0.5835062222269509
Who Says,Battle Studies,Duration,0.31790277792554605
Perfectly Lonely,Battle Studies,Duration,0.6463491185326256
Assassin,Battle Studies,Duration,0.8121805988516633
Crossroads,Battle Studies,Duration,0.22536200274494372
War of My Life,Battle Studies,Duration,0.6003411674167385
Edge of Desire,Battle Studies,Duration,0.873225450663716
Do You Know Me,Battle Studies,Duration,0.2286743766247123
"Friends, Lovers or Nothing",Battle Studies,Duration,0.9695963797952287
Waiting On the World to Change,Continuum,Duration,0.4090214311299309
I Don't Trust Myself (With Loving You),Continuum,Duration,0.7311799356675994
Belief,Continuum,Duration,0.5549928539257305
Gravity,Continuum,Duration,0.5673805648058503
The Heart of Life,Continuum,Duration,0.39847786844839755
Vultures,Continuum,Duration,0.585162409166835
Stop This Train,Continuum,Duration,0.7064967213172892
Slow Dancing in a Burning Room,Continuum,Duration,0.5538118897908666
Bold as Love,Continuum,Duration,0.611122341500782
Dreaming with a Broken Heart,Continuum,Duration,0.5670968496983755
In Repair,Continuum,Duration,1.0
I'm Gonna Find Another You,Continuum,Duration,0.2737354285694021
Clarity,Heavier Things,Duration,0.6581693991977955
Bigger Than My Body,Heavier Things,Duration,0.6387845644795778
Something's Missing,Heavier Things,Duration,0.7752515311749708
New Deep,Heavier Things,Duration,0.5728669056966447
Come Back to Bed,Heavier Things,Duration,0.8435772219325965
Home Life,Heavier Things,Duration,0.5948087228209793
Split Screen Sadness,Heavier Things,Duration,0.7819649399055939
Daughters,Heavier Things,Duration,0.5392927691658422
Only Heart,Heavier Things,Duration,0.5073748195749239
Wheel,Heavier Things,Duration,0.875920744184727
No Such Thing,Room For Squares,Duration,0.5164537030141183
Why Georgia,Room For Squares,Duration,0.6494699847148486
My Stupid Mouth,Room For Squares,Duration,0.4898341330552925
Your Body Is a Wonderland,Room For Squares,Duration,0.5808570324109046
Neon,Room For Squares,Duration,0.6251165891769779
City Love,Room For Squares,Duration,0.5474282998726829
83,Room For Squares,Duration,0.7273497817166892
3x5,Room For Squares,Duration,0.7212960106109452
Love Song for No One,Room For Squares,Duration,0.4103939029623404
Back to You,Room For Squares,Duration,0.5525351718072298
Great Indoors,Room For Squares,Duration,0.4628811978451837
Not Myself,Room For Squares,Duration,0.4636365893188355
St. Patrick's Day,Room For Squares,Duration,0.8343103772346998
Back To You - EP Version,Inside Wants Out,Duration,0.5378280899235033
No Such Thing - Demo Version,Inside Wants Out,Duration,0.5093608253272477
My Stupid Mouth - Demo Version,Inside Wants Out,Duration,0.5997737372017888
Neon - EP Version,Inside Wants Out,Duration,0.5210427948775238
Victoria - EP Version,Inside Wants Out,Duration,0.5007571646930735
Love Soon - EP Version,Inside Wants Out,Duration,0.4670411706085334
Comfortable - EP Version,Inside Wants Out,Duration,0.7571398680015462
Quiet - EP Version,Inside Wants Out,Duration,0.4067517102701323
Still Feel Like Your Man,The Search for Everything,Popularity,0.6666666666666666
Emoji of a Wave,The Search for Everything,Popularity,0.5897435897435898
Helpless,The Search for Everything,Popularity,0.5641025641025642
Love on the Weekend,The Search for Everything,Popularity,0.7692307692307693
In the Blood,The Search for Everything,Popularity,0.717948717948718
Changing,The Search for Everything,Popularity,0.5128205128205129
"Theme from ""The Search for Everything""",The Search for Everything,Popularity,0.435897435897436
Moving On and Getting Over,The Search for Everything,Popularity,0.6153846153846153
Never on the Day You Leave,The Search for Everything,Popularity,0.5384615384615384
Rosie,The Search for Everything,Popularity,0.6153846153846153
Roll it on Home,The Search for Everything,Popularity,0.4871794871794871
You're Gonna Live Forever in Me,The Search for Everything,Popularity,0.6666666666666666
Wildfire,Paradise Valley,Popularity,0.6153846153846153
Dear Marie,Paradise Valley,Popularity,0.5641025641025642
Waitin' On The Day,Paradise Valley,Popularity,0.4871794871794871
Paper Doll,Paradise Valley,Popularity,0.5641025641025642
Call Me The Breeze,Paradise Valley,Popularity,0.33333333333333337
Who You Love (feat. Katy Perry),Paradise Valley,Popularity,0.6666666666666666
I Will Be Found (Lost At Sea),Paradise Valley,Popularity,0.4871794871794871
Wildfire (feat. Frank Ocean),Paradise Valley,Popularity,0.4871794871794871
You're No One 'Til Someone Lets You Down,Paradise Valley,Popularity,0.23076923076923073
Badge And Gun,Paradise Valley,Popularity,0.2564102564102565
On The Way Home,Paradise Valley,Popularity,0.28205128205128205
Queen of California,Born and Raised,Popularity,0.5897435897435898
The Age of Worry,Born and Raised,Popularity,0.435897435897436
Shadow Days,Born and Raised,Popularity,0.46153846153846156
Speak For Me,Born and Raised,Popularity,0.2564102564102565
Something Like Olivia,Born and Raised,Popularity,0.5641025641025642
Born and Raised,Born and Raised,Popularity,0.5128205128205129
If I Ever Get Around To Living,Born and Raised,Popularity,0.3076923076923078
Love Is A Verb,Born and Raised,Popularity,0.4871794871794871
"Walt Grace's Submarine Test, January 1967",Born and Raised,Popularity,0.3076923076923078
"Whiskey, Whiskey, Whiskey",Born and Raised,Popularity,0.33333333333333337
A Face To Call Home,Born and Raised,Popularity,0.28205128205128205
Born and Raised - Reprise,Born and Raised,Popularity,0.20512820512820518
Heartbreak Warfare,Battle Studies,Popularity,0.717948717948718
All We Ever Do Is Say Goodbye,Battle Studies,Popularity,0.46153846153846156
Half of My Heart,Battle Studies,Popularity,0.6923076923076924
Who Says,Battle Studies,Popularity,0.717948717948718
Perfectly Lonely,Battle Studies,Popularity,0.5384615384615384
Assassin,Battle Studies,Popularity,0.33333333333333337
Crossroads,Battle Studies,Popularity,0.3076923076923078
War of My Life,Battle Studies,Popularity,0.3076923076923078
Edge of Desire,Battle Studies,Popularity,0.6666666666666666
Do You Know Me,Battle Studies,Popularity,0.2564102564102565
"Friends, Lovers or Nothing",Battle Studies,Popularity,0.33333333333333337
Waiting On the World to Change,Continuum,Popularity,0.923076923076923
I Don't Trust Myself (With Loving You),Continuum,Popularity,0.5384615384615384
Belief,Continuum,Popularity,0.46153846153846156
Gravity,Continuum,Popularity,0.923076923076923
The Heart of Life,Continuum,Popularity,0.6923076923076924
Vultures,Continuum,Popularity,0.5384615384615384
Stop This Train,Continuum,Popularity,0.717948717948718
Slow Dancing in a Burning Room,Continuum,Popularity,0.9743589743589743
Bold as Love,Continuum,Popularity,0.435897435897436
Dreaming with a Broken Heart,Continuum,Popularity,0.6666666666666666
In Repair,Continuum,Popularity,0.41025641025641024
I'm Gonna Find Another You,Continuum,Popularity,0.46153846153846156
Clarity,Heavier Things,Popularity,0.5384615384615384
Bigger Than My Body,Heavier Things,Popularity,0.4871794871794871
Something's Missing,Heavier Things,Popularity,0.41025641025641024
New Deep,Heavier Things,Popularity,0.15384615384615385
Come Back to Bed,Heavier Things,Popularity,0.41025641025641024
Home Life,Heavier Things,Popularity,0.10256410256410253
Split Screen Sadness,Heavier Things,Popularity,0.3846153846153847
Daughters,Heavier Things,Popularity,0.7948717948717948
Only Heart,Heavier Things,Popularity,0.15384615384615385
Wheel,Heavier Things,Popularity,0.20512820512820518
No Such Thing,Room For Squares,Popularity,0.6923076923076924
Why Georgia,Room For Squares,Popularity,0.6923076923076924
My Stupid Mouth,Room For Squares,Popularity,0.5128205128205129
Your Body Is a Wonderland,Room For Squares,Popularity,0.9999999999999999
Neon,Room For Squares,Popularity,0.5897435897435898
City Love,Room For Squares,Popularity,0.28205128205128205
83,Room For Squares,Popularity,0.2564102564102565
3x5,Room For Squares,Popularity,0.28205128205128205
Love Song for No One,Room For Squares,Popularity,0.23076923076923073
Back to You,Room For Squares,Popularity,0.46153846153846156
Great Indoors,Room For Squares,Popularity,0.1794871794871794
Not Myself,Room For Squares,Popularity,0.20512820512820518
St. Patrick's Day,Room For Squares,Popularity,0.3076923076923078
Back To You - EP Version,Inside Wants Out,Popularity,0.02564102564102566
No Such Thing - Demo Version,Inside Wants Out,Popularity,0.3076923076923078
My Stupid Mouth - Demo Version,Inside Wants Out,Popularity,0.02564102564102566
Neon - EP Version,Inside Wants Out,Popularity,0.05128205128205132
Victoria - EP Version,Inside Wants Out,Popularity,0.33333333333333337
Love Soon - EP Version,Inside Wants Out,Popularity,0.0
Comfortable - EP Version,Inside Wants Out,Popularity,0.3846153846153847
Quiet - EP Version,Inside Wants Out,Popularity,0.33333333333333337
Still Feel Like Your Man,The Search for Everything,Acousticness,0.5545110861346685
Emoji of a Wave,The Search for Everything,Acousticness,0.7833861244508021
Helpless,The Search for Everything,Acousticness,0.1498927148257893
Love on the Weekend,The Search for Everything,Acousticness,0.6321651169919281
In the Blood,The Search for Everything,Acousticness,0.39000715234494737
Changing,The Search for Everything,Acousticness,0.5953816286911209
"Theme from ""The Search for Everything""",The Search for Everything,Acousticness,0.9121283335036273
Moving On and Getting Over,The Search for Everything,Acousticness,0.5994686829467661
Never on the Day You Leave,The Search for Everything,Acousticness,0.7414938183304384
Rosie,The Search for Everything,Acousticness,0.4952487994278124
Roll it on Home,The Search for Everything,Acousticness,0.6331868805558394
You're Gonna Live Forever in Me,The Search for Everything,Acousticness,1.0000000000000002
Wildfire,Paradise Valley,Acousticness,0.148870951261878
Dear Marie,Paradise Valley,Acousticness,0.808930213548585
Waitin' On The Day,Paradise Valley,Acousticness,0.8099519771124962
Paper Doll,Paradise Valley,Acousticness,0.5279452334729744
Call Me The Breeze,Paradise Valley,Acousticness,0.4288341677735772
Who You Love (feat. Katy Perry),Paradise Valley,Acousticness,0.826300194135077
I Will Be Found (Lost At Sea),Paradise Valley,Acousticness,0.41963829569837535
Wildfire (feat. Frank Ocean),Paradise Valley,Acousticness,0.9080412792479821
You're No One 'Til Someone Lets You Down,Paradise Valley,Acousticness,0.3082660672320425
Badge And Gun,Paradise Valley,Acousticness,0.8773883723306427
On The Way Home,Paradise Valley,Acousticness,0.6270562991723715
Queen of California,Born and Raised,Acousticness,0.6474915704505978
The Age of Worry,Born and Raised,Acousticness,0.3450495555328497
Shadow Days,Born and Raised,Acousticness,0.07080821497905385
Speak For Me,Born and Raised,Acousticness,0.5800551752324512
Something Like Olivia,Born and Raised,Acousticness,0.6035557372024113
Born and Raised,Born and Raised,Acousticness,0.3583324818636967
If I Ever Get Around To Living,Born and Raised,Acousticness,0.5391846326759988
Love Is A Verb,Born and Raised,Acousticness,0.45029120261571476
"Walt Grace's Submarine Test, January 1967",Born and Raised,Acousticness,0.8109737406764075
"Whiskey, Whiskey, Whiskey",Born and Raised,Acousticness,0.29600490446510674
A Face To Call Home,Born and Raised,Acousticness,0.30724430366813116
Born and Raised - Reprise,Born and Raised,Acousticness,0.6556656789618882
Heartbreak Warfare,Battle Studies,Acousticness,0.19076325738224176
All We Ever Do Is Say Goodbye,Battle Studies,Acousticness,0.2898743230816389
Half of My Heart,Battle Studies,Acousticness,0.4400735669766016
Who Says,Battle Studies,Acousticness,0.2684172882395014
Perfectly Lonely,Battle Studies,Acousticness,0.005691223050986002
Assassin,Battle Studies,Acousticness,0.30417901297639727
Crossroads,Battle Studies,Acousticness,0.2214161642995811
War of My Life,Battle Studies,Acousticness,0.3573107182997854
Edge of Desire,Battle Studies,Acousticness,0.3287013385102687
Do You Know Me,Battle Studies,Acousticness,0.9019106978645142
"Friends, Lovers or Nothing",Battle Studies,Acousticness,0.022785327475222234
Waiting On the World to Change,Continuum,Acousticness,0.15806682333707983
I Don't Trust Myself (With Loving You),Continuum,Acousticness,0.6474915704505978
Belief,Continuum,Acousticness,0.029324614284254626
Gravity,Continuum,Acousticness,0.7425155818943496
The Heart of Life,Continuum,Acousticness,0.9744559109022172
Vultures,Continuum,Acousticness,0.48196587309696537
Stop This Train,Continuum,Acousticness,0.47072647389394096
Slow Dancing in a Burning Room,Continuum,Acousticness,0.5810769387963625
Bold as Love,Continuum,Acousticness,0.09706753857157455
Dreaming with a Broken Heart,Continuum,Acousticness,0.5647287217737816
In Repair,Continuum,Acousticness,0.05057729641360989
I'm Gonna Find Another You,Continuum,Acousticness,0.8314090119546337
Clarity,Heavier Things,Acousticness,0.17134974966792682
Bigger Than My Body,Heavier Things,Acousticness,0.007969755798508225
Something's Missing,Heavier Things,Acousticness,0.09665883314601002
New Deep,Heavier Things,Acousticness,0.148870951261878
Come Back to Bed,Heavier Things,Acousticness,0.39613773372841526
Home Life,Heavier Things,Acousticness,0.0
Split Screen Sadness,Heavier Things,Acousticness,0.020946153060181875
Daughters,Heavier Things,Acousticness,0.8508225196689486
Only Heart,Heavier Things,Acousticness,0.03361602125268213
Wheel,Heavier Things,Acousticness,0.5585981403903137
No Such Thing,Room For Squares,Acousticness,0.03473996117298457
Why Georgia,Room For Squares,Acousticness,0.01685909880453663
My Stupid Mouth,Room For Squares,Acousticness,0.01021763563911311
Your Body Is a Wonderland,Room For Squares,Acousticness,0.01665474609175437
Neon,Room For Squares,Acousticness,0.014100337181976091
City Love,Room For Squares,Acousticness,0.0014917748033105149
83,Room For Squares,Acousticness,0.06477980995197712
3x5,Room For Squares,Acousticness,0.0821497905384694
Love Song for No One,Room For Squares,Acousticness,0.03157249412485951
Back to You,Room For Squares,Acousticness,0.002738326351282314
Great Indoors,Room For Squares,Acousticness,0.011648104628588944
Not Myself,Room For Squares,Acousticness,0.023602738326351284
St. Patrick's Day,Room For Squares,Acousticness,0.04689894758352917
Back To You - EP Version,Inside Wants Out,Acousticness,0.07182997854296516
No Such Thing - Demo Version,Inside Wants Out,Acousticness,0.7976908143455604
My Stupid Mouth - Demo Version,Inside Wants Out,Acousticness,0.8068866864207623
Neon - EP Version,Inside Wants Out,Acousticness,0.8467354654133034
Victoria - EP Version,Inside Wants Out,Acousticness,0.8794318994584653
Love Soon - EP Version,Inside Wants Out,Acousticness,0.8498007561050372
Comfortable - EP Version,Inside Wants Out,Acousticness,0.819147849187698
Quiet - EP Version,Inside Wants Out,Acousticness,0.7874731787064474
Still Feel Like Your Man,The Search for Everything,Danceability,0.959731543624161
Emoji of a Wave,The Search for Everything,Danceability,0.5525727069351231
Helpless,The Search for Everything,Danceability,0.8512304250559284
Love on the Weekend,The Search for Everything,Danceability,0.8031319910514542
In the Blood,The Search for Everything,Danceability,0.610738255033557
Changing,The Search for Everything,Danceability,0.4966442953020134
"Theme from ""The Search for Everything""",The Search for Everything,Danceability,0.6655480984340044
Moving On and Getting Over,The Search for Everything,Danceability,0.9507829977628636
Never on the Day You Leave,The Search for Everything,Danceability,0.598434004474273
Rosie,The Search for Everything,Danceability,0.8478747203579419
Roll it on Home,The Search for Everything,Danceability,0.6834451901565995
You're Gonna Live Forever in Me,The Search for Everything,Danceability,0.6017897091722596
Wildfire,Paradise Valley,Danceability,0.8042505592841163
Dear Marie,Paradise Valley,Danceability,0.6722595078299776
Waitin' On The Day,Paradise Valley,Danceability,0.7337807606263983
Paper Doll,Paradise Valley,Danceability,0.7360178970917226
Call Me The Breeze,Paradise Valley,Danceability,0.7024608501118569
Who You Love (feat. Katy Perry),Paradise Valley,Danceability,0.7762863534675615
I Will Be Found (Lost At Sea),Paradise Valley,Danceability,0.6297539149888143
Wildfire (feat. Frank Ocean),Paradise Valley,Danceability,0.5648769574944071
You're No One 'Til Someone Lets You Down,Paradise Valley,Danceability,0.6465324384787472
Badge And Gun,Paradise Valley,Danceability,0.6834451901565995
On The Way Home,Paradise Valley,Danceability,0.0
Queen of California,Born and Raised,Danceability,0.5995525727069352
The Age of Worry,Born and Raised,Danceability,0.5682326621923938
Shadow Days,Born and Raised,Danceability,0.5816554809843401
Speak For Me,Born and Raised,Danceability,0.7684563758389262
Something Like Olivia,Born and Raised,Danceability,0.8624161073825504
Born and Raised,Born and Raised,Danceability,0.7337807606263983
If I Ever Get Around To Living,Born and Raised,Danceability,0.6252796420581657
Love Is A Verb,Born and Raised,Danceability,0.825503355704698
"Walt Grace's Submarine Test, January 1967",Born and Raised,Danceability,0.49217002237136465
"Whiskey, Whiskey, Whiskey",Born and Raised,Danceability,0.46308724832214765
A Face To Call Home,Born and Raised,Danceability,0.5917225950782998
Born and Raised - Reprise,Born and Raised,Danceability,0.7941834451901566
Heartbreak Warfare,Battle Studies,Danceability,0.697986577181208
All We Ever Do Is Say Goodbye,Battle Studies,Danceability,0.6252796420581657
Half of My Heart,Battle Studies,Danceability,0.7617449664429531
Who Says,Battle Studies,Danceability,0.6532438478747203
Perfectly Lonely,Battle Studies,Danceability,0.7583892617449665
Assassin,Battle Studies,Danceability,0.6040268456375839
Crossroads,Battle Studies,Danceability,1.0
War of My Life,Battle Studies,Danceability,0.8534675615212528
Edge of Desire,Battle Studies,Danceability,0.6778523489932886
Do You Know Me,Battle Studies,Danceability,0.6017897091722596
"Friends, Lovers or Nothing",Battle Studies,Danceability,0.5883668903803132
Waiting On the World to Change,Continuum,Danceability,0.645413870246085
I Don't Trust Myself (With Loving You),Continuum,Danceability,0.941834451901566
Belief,Continuum,Danceability,0.7427293064876958
Gravity,Continuum,Danceability,0.854586129753915
The Heart of Life,Continuum,Danceability,0.5548098434004475
Vultures,Continuum,Danceability,0.9865771812080537
Stop This Train,Continuum,Danceability,0.6923937360178971
Slow Dancing in a Burning Room,Continuum,Danceability,0.7472035794183446
Bold as Love,Continuum,Danceability,0.4910514541387025
Dreaming with a Broken Heart,Continuum,Danceability,0.6800894854586129
In Repair,Continuum,Danceability,0.4753914988814318
I'm Gonna Find Another You,Continuum,Danceability,0.5782997762863535
Clarity,Heavier Things,Danceability,0.7449664429530202
Bigger Than My Body,Heavier Things,Danceability,0.6789709172259508
Something's Missing,Heavier Things,Danceability,0.609619686800895
New Deep,Heavier Things,Danceability,0.7919463087248322
Come Back to Bed,Heavier Things,Danceability,0.5391498881431768
Home Life,Heavier Things,Danceability,0.7572706935123044
Split Screen Sadness,Heavier Things,Danceability,0.70917225950783
Daughters,Heavier Things,Danceability,0.7539149888143177
Only Heart,Heavier Things,Danceability,0.7427293064876958
Wheel,Heavier Things,Danceability,0.6510067114093959
No Such Thing,Room For Squares,Danceability,0.7472035794183446
Why Georgia,Room For Squares,Danceability,0.6800894854586129
My Stupid Mouth,Room For Squares,Danceability,0.6800894854586129
Your Body Is a Wonderland,Room For Squares,Danceability,0.7237136465324385
Neon,Room For Squares,Danceability,0.7818791946308724
City Love,Room For Squares,Danceability,0.7281879194630873
83,Room For Squares,Danceability,0.7874720357941835
3x5,Room For Squares,Danceability,0.5615212527964206
Love Song for No One,Room For Squares,Danceability,0.5906040268456376
Back to You,Room For Squares,Danceability,0.6387024608501118
Great Indoors,Room For Squares,Danceability,0.6610738255033557
Not Myself,Room For Squares,Danceability,0.6029082774049217
St. Patrick's Day,Room For Squares,Danceability,0.6677852348993288
Back To You - EP Version,Inside Wants Out,Danceability,0.6733780760626398
No Such Thing - Demo Version,Inside Wants Out,Danceability,0.7181208053691276
My Stupid Mouth - Demo Version,Inside Wants Out,Danceability,0.46308724832214765
Neon - EP Version,Inside Wants Out,Danceability,0.6621923937360179
Victoria - EP Version,Inside Wants Out,Danceability,0.7628635346756153
Love Soon - EP Version,Inside Wants Out,Danceability,0.7841163310961968
Comfortable - EP Version,Inside Wants Out,Danceability,0.36689038031319915
Quiet - EP Version,Inside Wants Out,Danceability,0.6230425055928412
Still Feel Like Your Man,The Search for Everything,Energy,0.6122331217541834
Emoji of a Wave,The Search for Everything,Energy,0.3410271206001154
Helpless,The Search for Everything,Energy,0.6099249855741489
Love on the Weekend,The Search for Everything,Energy,0.5926139642238891
In the Blood,The Search for Everything,Energy,0.6780150028851702
Changing,The Search for Everything,Energy,0.3075591459896134
"Theme from ""The Search for Everything""",The Search for Everything,Energy,0.3087132140796307
Moving On and Getting Over,The Search for Everything,Energy,0.45181765724177725
Never on the Day You Leave,The Search for Everything,Energy,0.328332371609925
Rosie,The Search for Everything,Energy,0.4564339296018465
Roll it on Home,The Search for Everything,Energy,0.7230236583958453
You're Gonna Live Forever in Me,The Search for Everything,Energy,0.07097518753606463
Wildfire,Paradise Valley,Energy,0.6872475476053087
Dear Marie,Paradise Valley,Energy,0.3352567801500288
Waitin' On The Day,Paradise Valley,Energy,0.42527409117137904
Paper Doll,Paradise Valley,Energy,0.4679746105020196
Call Me The Breeze,Paradise Valley,Energy,0.6837853433352568
Who You Love (feat. Katy Perry),Paradise Valley,Energy,0.32487016733987306
I Will Be Found (Lost At Sea),Paradise Valley,Energy,0.3825735718407386
Wildfire (feat. Frank Ocean),Paradise Valley,Energy,0.05712637045585689
You're No One 'Til Someone Lets You Down,Paradise Valley,Energy,0.49798038084246965
Badge And Gun,Paradise Valley,Energy,0.21869590305828043
On The Way Home,Paradise Valley,Energy,0.003000577034045007
Queen of California,Born and Raised,Energy,0.7714945181765723
The Age of Worry,Born and Raised,Energy,0.33756491633006347
Shadow Days,Born and Raised,Energy,0.5649163300634737
Speak For Me,Born and Raised,Energy,0.3571840738603578
Something Like Olivia,Born and Raised,Energy,0.4091171379111368
Born and Raised,Born and Raised,Energy,0.35256780150028855
If I Ever Get Around To Living,Born and Raised,Energy,0.4598961338718984
Love Is A Verb,Born and Raised,Energy,0.2475476053087132
"Walt Grace's Submarine Test, January 1967",Born and Raised,Energy,0.3491055972302366
"Whiskey, Whiskey, Whiskey",Born and Raised,Energy,0.40565493364108485
A Face To Call Home,Born and Raised,Energy,0.35256780150028855
Born and Raised - Reprise,Born and Raised,Energy,0.42642815926139643
Heartbreak Warfare,Battle Studies,Energy,0.5591459896133872
All We Ever Do Is Say Goodbye,Battle Studies,Energy,0.5083669936526255
Half of My Heart,Battle Studies,Energy,0.6041546451240623
Who Says,Battle Studies,Energy,0.5072129255626082
Perfectly Lonely,Battle Studies,Energy,0.5314483554529718
Assassin,Battle Studies,Energy,0.6618580496249279
Crossroads,Battle Studies,Energy,0.5049047893825735
War of My Life,Battle Studies,Energy,0.413733410271206
Edge of Desire,Battle Studies,Energy,0.428736295441431
Do You Know Me,Battle Studies,Energy,0.28563185227928445
"Friends, Lovers or Nothing",Battle Studies,Energy,0.6953260242354299
Waiting On the World to Change,Continuum,Energy,0.792267743796884
I Don't Trust Myself (With Loving You),Continuum,Energy,0.3629544143104443
Belief,Continuum,Energy,0.7668782458165031
Gravity,Continuum,Energy,0.2960184650894403
The Heart of Life,Continuum,Energy,0.1944604731679169
Vultures,Continuum,Energy,0.47143681477207156
Stop This Train,Continuum,Energy,0.42412002308136176
Slow Dancing in a Burning Room,Continuum,Energy,0.3364108482400462
Bold as Love,Continuum,Energy,0.6018465089440277
Dreaming with a Broken Heart,Continuum,Energy,0.32487016733987306
In Repair,Continuum,Energy,0.5983843046739757
I'm Gonna Find Another You,Continuum,Energy,0.3167916907097519
Clarity,Heavier Things,Energy,0.7426428159261396
Bigger Than My Body,Heavier Things,Energy,1.0
Something's Missing,Heavier Things,Energy,0.9572994806693595
New Deep,Heavier Things,Energy,0.896133871898442
Come Back to Bed,Heavier Things,Energy,0.554529717253318
Home Life,Heavier Things,Energy,0.8730525100980957
Split Screen Sadness,Heavier Things,Energy,0.8303519907674553
Daughters,Heavier Things,Energy,0.3964223889209463
Only Heart,Heavier Things,Energy,0.8880553952683208
Wheel,Heavier Things,Energy,0.3756491633006348
No Such Thing,Room For Squares,Energy,0.7726485862665897
Why Georgia,Room For Squares,Energy,0.6572417772648587
My Stupid Mouth,Room For Squares,Energy,0.6156953260242354
Your Body Is a Wonderland,Room For Squares,Energy,0.7611079053664166
Neon,Room For Squares,Energy,0.8084246970571264
City Love,Room For Squares,Energy,0.5522215810732833
83,Room For Squares,Energy,0.8869013271783035
3x5,Room For Squares,Energy,0.825735718407386
Love Song for No One,Room For Squares,Energy,0.7911136757068666
Back to You,Room For Squares,Energy,0.8834391229082516
Great Indoors,Room For Squares,Energy,0.6318522792844777
Not Myself,Room For Squares,Energy,0.48528563185227924
St. Patrick's Day,Room For Squares,Energy,0.42642815926139643
Back To You - EP Version,Inside Wants Out,Energy,0.654933641084824
No Such Thing - Demo Version,Inside Wants Out,Energy,0.3941142527409117
My Stupid Mouth - Demo Version,Inside Wants Out,Energy,0.29140219272937107
Neon - EP Version,Inside Wants Out,Energy,0.3571840738603578
Victoria - EP Version,Inside Wants Out,Energy,0.224466243508367
Love Soon - EP Version,Inside Wants Out,Energy,0.33064050778995957
Comfortable - EP Version,Inside Wants Out,Energy,0.06866705135603002
Quiet - EP Version,Inside Wants Out,Energy,0.0
Still Feel Like Your Man,The Search for Everything,Instrumentalness,0.0012085561497326201
Emoji of a Wave,The Search for Everything,Instrumentalness,0.001045989304812834
Helpless,The Search for Everything,Instrumentalness,0.0027700534759358283
Love on the Weekend,The Search for Everything,Instrumentalness,0.0007080213903743315
In the Blood,The Search for Everything,Instrumentalness,1.1016042780748661e-05
Changing,The Search for Everything,Instrumentalness,0.002930481283422459
"Theme from ""The Search for Everything""",The Search for Everything,Instrumentalness,0.9999999999999999
Moving On and Getting Over,The Search for Everything,Instrumentalness,0.04374331550802138
Never on the Day You Leave,The Search for Everything,Instrumentalness,1.3262032085561495e-05
Rosie,The Search for Everything,Instrumentalness,5.5721925133689833e-05
Roll it on Home,The Search for Everything,Instrumentalness,0.01497326203208556
You're Gonna Live Forever in Me,The Search for Everything,Instrumentalness,0.005582887700534759
Wildfire,Paradise Valley,Instrumentalness,0.0009839572192513369
Dear Marie,Paradise Valley,Instrumentalness,0.46737967914438494
Waitin' On The Day,Paradise Valley,Instrumentalness,0.05582887700534759
Paper Doll,Paradise Valley,Instrumentalness,0.007165775401069518
Call Me The Breeze,Paradise Valley,Instrumentalness,0.26951871657754006
Who You Love (feat. Katy Perry),Paradise Valley,Instrumentalness,0.0017647058823529408
I Will Be Found (Lost At Sea),Paradise Valley,Instrumentalness,0.003262032085561497
Wildfire (feat. Frank Ocean),Paradise Valley,Instrumentalness,0.0
You're No One 'Til Someone Lets You Down,Paradise Valley,Instrumentalness,0.00014866310160427805
Badge And Gun,Paradise Valley,Instrumentalness,0.0
On The Way Home,Paradise Valley,Instrumentalness,0.7422459893048127
Queen of California,Born and Raised,Instrumentalness,0.4770053475935828
The Age of Worry,Born and Raised,Instrumentalness,4.791443850267379e-05
Shadow Days,Born and Raised,Instrumentalness,0.3732620320855614
Speak For Me,Born and Raised,Instrumentalness,0.011122994652406414
Something Like Olivia,Born and Raised,Instrumentalness,0.00039786096256684485
Born and Raised,Born and Raised,Instrumentalness,0.007379679144385026
If I Ever Get Around To Living,Born and Raised,Instrumentalness,0.13796791443850265
Love Is A Verb,Born and Raised,Instrumentalness,0.0013796791443850265
"Walt Grace's Submarine Test, January 1967",Born and Raised,Instrumentalness,6.032085561497325e-05
"Whiskey, Whiskey, Whiskey",Born and Raised,Instrumentalness,0.0008780748663101603
A Face To Call Home,Born and Raised,Instrumentalness,3.518716577540106e-05
Born and Raised - Reprise,Born and Raised,Instrumentalness,0.007336898395721924
Heartbreak Warfare,Battle Studies,Instrumentalness,0.0014010695187165773
All We Ever Do Is Say Goodbye,Battle Studies,Instrumentalness,5.679144385026738e-05
Half of My Heart,Battle Studies,Instrumentalness,0.00012513368983957217
Who Says,Battle Studies,Instrumentalness,0.0026951871657754007
Perfectly Lonely,Battle Studies,Instrumentalness,0.0002930481283422459
Assassin,Battle Studies,Instrumentalness,0.0001443850267379679
Crossroads,Battle Studies,Instrumentalness,0.0706951871657754
War of My Life,Battle Studies,Instrumentalness,0.09508021390374331
Edge of Desire,Battle Studies,Instrumentalness,0.013689839572192513
Do You Know Me,Battle Studies,Instrumentalness,0.4534759358288769
"Friends, Lovers or Nothing",Battle Studies,Instrumentalness,0.01497326203208556
Waiting On the World to Change,Continuum,Instrumentalness,0.0002481283422459893
I Don't Trust Myself (With Loving You),Continuum,Instrumentalness,0.0005401069518716577
Belief,Continuum,Instrumentalness,0.04320855614973261
Gravity,Continuum,Instrumentalness,0.0013903743315508018
The Heart of Life,Continuum,Instrumentalness,0.011657754010695185
Vultures,Continuum,Instrumentalness,0.006213903743315507
Stop This Train,Continuum,Instrumentalness,0.006513368983957218
Slow Dancing in a Burning Room,Continuum,Instrumentalness,0.005411764705882352
Bold as Love,Continuum,Instrumentalness,0.0024064171122994645
Dreaming with a Broken Heart,Continuum,Instrumentalness,0.009540106951871657
In Repair,Continuum,Instrumentalness,0.0015401069518716575
I'm Gonna Find Another You,Continuum,Instrumentalness,0.008652406417112297
Clarity,Heavier Things,Instrumentalness,0.03422459893048128
Bigger Than My Body,Heavier Things,Instrumentalness,0.044705882352941165
Something's Missing,Heavier Things,Instrumentalness,0.0006213903743315508
New Deep,Heavier Things,Instrumentalness,0.0024919786096256683
Come Back to Bed,Heavier Things,Instrumentalness,0.02224598930481283
Home Life,Heavier Things,Instrumentalness,0.04117647058823529
Split Screen Sadness,Heavier Things,Instrumentalness,1.850267379679144e-05
Daughters,Heavier Things,Instrumentalness,2.0427807486631013e-05
Only Heart,Heavier Things,Instrumentalness,0.00033903743315508015
Wheel,Heavier Things,Instrumentalness,0.0001262032085561497
No Such Thing,Room For Squares,Instrumentalness,0.0
Why Georgia,Room For Squares,Instrumentalness,6.352941176470588e-05
My Stupid Mouth,Room For Squares,Instrumentalness,1.3048128342245988e-05
Your Body Is a Wonderland,Room For Squares,Instrumentalness,0.052299465240641704
Neon,Room For Squares,Instrumentalness,0.00014759358288770052
City Love,Room For Squares,Instrumentalness,5.967914438502673e-05
83,Room For Squares,Instrumentalness,0.007155080213903742
3x5,Room For Squares,Instrumentalness,0.0360427807486631
Love Song for No One,Room For Squares,Instrumentalness,0.0
Back to You,Room For Squares,Instrumentalness,3.262032085561497e-05
Great Indoors,Room For Squares,Instrumentalness,4.652406417112299e-05
Not Myself,Room For Squares,Instrumentalness,0.017754010695187162
St. Patrick's Day,Room For Squares,Instrumentalness,0.00013796791443850264
Back To You - EP Version,Inside Wants Out,Instrumentalness,0.14224598930481283
No Such Thing - Demo Version,Inside Wants Out,Instrumentalness,0.004106951871657753
My Stupid Mouth - Demo Version,Inside Wants Out,Instrumentalness,7.037433155080213e-05
Neon - EP Version,Inside Wants Out,Instrumentalness,0.00024064171122994648
Victoria - EP Version,Inside Wants Out,Instrumentalness,0.002032085561497326
Love Soon - EP Version,Inside Wants Out,Instrumentalness,0.0003454545454545454
Comfortable - EP Version,Inside Wants Out,Instrumentalness,3.8609625668449195e-06
Quiet - EP Version,Inside Wants Out,Instrumentalness,9.540106951871657e-05
Still Feel Like Your Man,The Search for Everything,Liveness,0.35772357723577236
Emoji of a Wave,The Search for Everything,Liveness,0.3766937669376694
Helpless,The Search for Everything,Liveness,0.08509485094850948
Love on the Weekend,The Search for Everything,Liveness,0.16585365853658537
In the Blood,The Search for Everything,Liveness,0.26639566395663955
Changing,The Search for Everything,Liveness,0.35772357723577236
"Theme from ""The Search for Everything""",The Search for Everything,Liveness,0.32791327913279134
Moving On and Getting Over,The Search for Everything,Liveness,0.2710027100271003
Never on the Day You Leave,The Search for Everything,Liveness,0.3739837398373984
Rosie,The Search for Everything,Liveness,0.31436314363143636
Roll it on Home,The Search for Everything,Liveness,0.33604336043360433
You're Gonna Live Forever in Me,The Search for Everything,Liveness,0.42276422764227645
Wildfire,Paradise Valley,Liveness,0.39024390243902435
Dear Marie,Paradise Valley,Liveness,0.23929539295392957
Waitin' On The Day,Paradise Valley,Liveness,0.38482384823848237
Paper Doll,Paradise Valley,Liveness,0.47696476964769646
Call Me The Breeze,Paradise Valley,Liveness,0.21165311653116534
Who You Love (feat. Katy Perry),Paradise Valley,Liveness,0.2628726287262873
I Will Be Found (Lost At Sea),Paradise Valley,Liveness,0.4281842818428184
Wildfire (feat. Frank Ocean),Paradise Valley,Liveness,0.5365853658536586
You're No One 'Til Someone Lets You Down,Paradise Valley,Liveness,0.5663956639566395
Badge And Gun,Paradise Valley,Liveness,0.2926829268292683
On The Way Home,Paradise Valley,Liveness,0.0
Queen of California,Born and Raised,Liveness,0.1994579945799458
The Age of Worry,Born and Raised,Liveness,0.3956639566395664
Shadow Days,Born and Raised,Liveness,0.31436314363143636
Speak For Me,Born and Raised,Liveness,0.34959349593495936
Something Like Olivia,Born and Raised,Liveness,0.21355013550135502
Born and Raised,Born and Raised,Liveness,0.7560975609756099
If I Ever Get Around To Living,Born and Raised,Liveness,0.6964769647696477
Love Is A Verb,Born and Raised,Liveness,0.3224932249322493
"Walt Grace's Submarine Test, January 1967",Born and Raised,Liveness,0.31978319783197834
"Whiskey, Whiskey, Whiskey",Born and Raised,Liveness,0.3658536585365854
A Face To Call Home,Born and Raised,Liveness,0.23333333333333334
Born and Raised - Reprise,Born and Raised,Liveness,0.3604336043360434
Heartbreak Warfare,Battle Studies,Liveness,0.8102981029810298
All We Ever Do Is Say Goodbye,Battle Studies,Liveness,0.6558265582655827
Half of My Heart,Battle Studies,Liveness,0.2872628726287263
Who Says,Battle Studies,Liveness,0.975609756097561
Perfectly Lonely,Battle Studies,Liveness,0.11842818428184283
Assassin,Battle Studies,Liveness,0.23875338753387534
Crossroads,Battle Studies,Liveness,0.17398373983739837
War of My Life,Battle Studies,Liveness,0.2872628726287263
Edge of Desire,Battle Studies,Liveness,0.31436314363143636
Do You Know Me,Battle Studies,Liveness,0.30352303523035234
"Friends, Lovers or Nothing",Battle Studies,Liveness,0.3604336043360434
Waiting On the World to Change,Continuum,Liveness,0.6747967479674797
I Don't Trust Myself (With Loving You),Continuum,Liveness,0.2704607046070461
Belief,Continuum,Liveness,0.21707317073170734
Gravity,Continuum,Liveness,0.6504065040650406
The Heart of Life,Continuum,Liveness,0.23712737127371272
Vultures,Continuum,Liveness,0.1997289972899729
Stop This Train,Continuum,Liveness,0.26314363143631436
Slow Dancing in a Burning Room,Continuum,Liveness,0.21815718157181574
Bold as Love,Continuum,Liveness,0.194579945799458
Dreaming with a Broken Heart,Continuum,Liveness,0.5447154471544716
In Repair,Continuum,Liveness,0.18888888888888888
I'm Gonna Find Another You,Continuum,Liveness,0.20677506775067753
Clarity,Heavier Things,Liveness,0.4796747967479675
Bigger Than My Body,Heavier Things,Liveness,0.8373983739837398
Something's Missing,Heavier Things,Liveness,0.3550135501355014
New Deep,Heavier Things,Liveness,0.1934959349593496
Come Back to Bed,Heavier Things,Liveness,0.3008130081300813
Home Life,Heavier Things,Liveness,0.3008130081300813
Split Screen Sadness,Heavier Things,Liveness,0.4037940379403794
Daughters,Heavier Things,Liveness,0.26558265582655827
Only Heart,Heavier Things,Liveness,0.2791327913279133
Wheel,Heavier Things,Liveness,0.6991869918699187
No Such Thing,Room For Squares,Liveness,0.3523035230352304
Why Georgia,Room For Squares,Liveness,0.24200542005420056
My Stupid Mouth,Room For Squares,Liveness,0.22574525745257454
Your Body Is a Wonderland,Room For Squares,Liveness,0.3631436314363144
Neon,Room For Squares,Liveness,0.17452574525745257
City Love,Room For Squares,Liveness,0.39295392953929537
83,Room For Squares,Liveness,0.32791327913279134
3x5,Room For Squares,Liveness,0.3008130081300813
Love Song for No One,Room For Squares,Liveness,0.9349593495934959
Back to You,Room For Squares,Liveness,0.1731707317073171
Great Indoors,Room For Squares,Liveness,0.3956639566395664
Not Myself,Room For Squares,Liveness,0.2764227642276423
St. Patrick's Day,Room For Squares,Liveness,0.5149051490514905
Back To You - EP Version,Inside Wants Out,Liveness,0.32791327913279134
No Such Thing - Demo Version,Inside Wants Out,Liveness,0.2791327913279133
My Stupid Mouth - Demo Version,Inside Wants Out,Liveness,0.3712737127371274
Neon - EP Version,Inside Wants Out,Liveness,1.0
Victoria - EP Version,Inside Wants Out,Liveness,0.2764227642276423
Love Soon - EP Version,Inside Wants Out,Liveness,0.25582655826558265
Comfortable - EP Version,Inside Wants Out,Liveness,0.2845528455284553
Quiet - EP Version,Inside Wants Out,Liveness,0.28184281842818426
Still Feel Like Your Man,The Search for Everything,Loudness,0.7956799758320328
Emoji of a Wave,The Search for Everything,Loudness,0.6827450782941444
Helpless,The Search for Everything,Loudness,0.8379235688031822
Love on the Weekend,The Search for Everything,Loudness,0.7349076078747294
In the Blood,The Search for Everything,Loudness,0.803282815568199
Changing,The Search for Everything,Loudness,0.7402447006696542
"Theme from ""The Search for Everything""",The Search for Everything,Loudness,0.574996223755098
Moving On and Getting Over,The Search for Everything,Loudness,0.6778107849554404
Never on the Day You Leave,The Search for Everything,Loudness,0.6983535572226979
Rosie,The Search for Everything,Loudness,0.8022254669956197
Roll it on Home,The Search for Everything,Loudness,0.7926589799103771
You're Gonna Live Forever in Me,The Search for Everything,Loudness,0.4217310306631087
Wildfire,Paradise Valley,Loudness,0.6994109057952773
Dear Marie,Paradise Valley,Loudness,0.5825990634912643
Waitin' On The Day,Paradise Valley,Loudness,0.6972962086501184
Paper Doll,Paradise Valley,Loudness,0.5426212174613565
Call Me The Breeze,Paradise Valley,Loudness,0.6419112834197676
Who You Love (feat. Katy Perry),Paradise Valley,Loudness,0.5820452142389608
I Will Be Found (Lost At Sea),Paradise Valley,Loudness,0.6750415386939228
Wildfire (feat. Frank Ocean),Paradise Valley,Loudness,0.2632294446402499
You're No One 'Til Someone Lets You Down,Paradise Valley,Loudness,0.5271637883288859
Badge And Gun,Paradise Valley,Loudness,0.5241931423392578
On The Way Home,Paradise Valley,Loudness,0.0
Queen of California,Born and Raised,Loudness,0.5770102210362017
The Age of Worry,Born and Raised,Loudness,0.666633100045315
Shadow Days,Born and Raised,Loudness,0.647751875534968
Speak For Me,Born and Raised,Loudness,0.5542017018277026
Something Like Olivia,Born and Raised,Loudness,0.5198126982528575
Born and Raised,Born and Raised,Loudness,0.6683953476662807
If I Ever Get Around To Living,Born and Raised,Loudness,0.4905090378127991
Love Is A Verb,Born and Raised,Loudness,0.5276672876491617
"Walt Grace's Submarine Test, January 1967",Born and Raised,Loudness,0.5981571924877902
"Whiskey, Whiskey, Whiskey",Born and Raised,Loudness,0.6541463169024723
A Face To Call Home,Born and Raised,Loudness,0.5986606918080661
Born and Raised - Reprise,Born and Raised,Loudness,0.7008710538240774
Heartbreak Warfare,Battle Studies,Loudness,0.723377473440411
All We Ever Do Is Say Goodbye,Battle Studies,Loudness,0.7142641357434167
Half of My Heart,Battle Studies,Loudness,0.6622526559589146
Who Says,Battle Studies,Loudness,0.47182921303056247
Perfectly Lonely,Battle Studies,Loudness,0.703136800765319
Assassin,Battle Studies,Loudness,0.674286289713509
Crossroads,Battle Studies,Loudness,0.7821861940486381
War of My Life,Battle Studies,Loudness,0.4528472886561604
Edge of Desire,Battle Studies,Loudness,0.6634610543275767
Do You Know Me,Battle Studies,Loudness,0.3646845576758472
"Friends, Lovers or Nothing",Battle Studies,Loudness,0.734605508282564
Waiting On the World to Change,Continuum,Loudness,0.8388298675796788
I Don't Trust Myself (With Loving You),Continuum,Loudness,0.5586828457781583
Belief,Continuum,Loudness,0.7278586173908667
Gravity,Continuum,Loudness,0.6342580937515736
The Heart of Life,Continuum,Loudness,0.5767081214440362
Vultures,Continuum,Loudness,0.6089320779416949
Stop This Train,Continuum,Loudness,0.5399526710638941
Slow Dancing in a Burning Room,Continuum,Loudness,0.6943255626604905
Bold as Love,Continuum,Loudness,0.8092744574794826
Dreaming with a Broken Heart,Continuum,Loudness,0.662806505211218
In Repair,Continuum,Loudness,0.7934645788228187
I'm Gonna Find Another You,Continuum,Loudness,0.6321433966064146
Clarity,Heavier Things,Loudness,0.9530738633502845
Bigger Than My Body,Heavier Things,Loudness,0.9772418307235287
Something's Missing,Heavier Things,Loudness,0.960173203766175
New Deep,Heavier Things,Loudness,0.9473843210311667
Come Back to Bed,Heavier Things,Loudness,0.9060470268365138
Home Life,Heavier Things,Loudness,0.9754795831025629
Split Screen Sadness,Heavier Things,Loudness,0.9320275917627512
Daughters,Heavier Things,Loudness,0.7383314032526057
Only Heart,Heavier Things,Loudness,1.0
Wheel,Heavier Things,Loudness,0.7150193847238306
No Such Thing,Room For Squares,Loudness,0.8841951563365391
Why Georgia,Room For Squares,Loudness,0.7690952117214642
My Stupid Mouth,Room For Squares,Loudness,0.7898897336488597
Your Body Is a Wonderland,Room For Squares,Loudness,0.8171290468757868
Neon,Room For Squares,Loudness,0.7462866925129652
City Love,Room For Squares,Loudness,0.8279542822617191
83,Room For Squares,Loudness,0.8426564624137758
3x5,Room For Squares,Loudness,0.7975429233170537
Love Song for No One,Room For Squares,Loudness,0.8966819394793818
Back to You,Room For Squares,Loudness,0.8512159508584665
Great Indoors,Room For Squares,Loudness,0.7544937314334627
Not Myself,Room For Squares,Loudness,0.7664266653240019
St. Patrick's Day,Room For Squares,Loudness,0.773072856351644
Back To You - EP Version,Inside Wants Out,Loudness,0.5841599113841197
No Such Thing - Demo Version,Inside Wants Out,Loudness,0.6543477166305827
My Stupid Mouth - Demo Version,Inside Wants Out,Loudness,0.6530386183978653
Neon - EP Version,Inside Wants Out,Loudness,0.5101958612355875
Victoria - EP Version,Inside Wants Out,Loudness,0.5319470318715072
Love Soon - EP Version,Inside Wants Out,Loudness,0.616434217813806
Comfortable - EP Version,Inside Wants Out,Loudness,0.4509843411711395
Quiet - EP Version,Inside Wants Out,Loudness,0.42142893107094315
Still Feel Like Your Man,The Search for Everything,Speechiness,0.5478260869565217
Emoji of a Wave,The Search for Everything,Speechiness,0.2426086956521739
Helpless,The Search for Everything,Speechiness,0.23304347826086957
Love on the Weekend,The Search for Everything,Speechiness,0.2504347826086956
In the Blood,The Search for Everything,Speechiness,0.22173913043478258
Changing,The Search for Everything,Speechiness,0.2452173913043478
"Theme from ""The Search for Everything""",The Search for Everything,Speechiness,0.22869565217391302
Moving On and Getting Over,The Search for Everything,Speechiness,0.46869565217391307
Never on the Day You Leave,The Search for Everything,Speechiness,0.2260869565217391
Rosie,The Search for Everything,Speechiness,0.32521739130434785
Roll it on Home,The Search for Everything,Speechiness,0.26260869565217393
You're Gonna Live Forever in Me,The Search for Everything,Speechiness,0.2747826086956522
Wildfire,Paradise Valley,Speechiness,0.2878260869565217
Dear Marie,Paradise Valley,Speechiness,0.22782608695652173
Waitin' On The Day,Paradise Valley,Speechiness,0.2452173913043478
Paper Doll,Paradise Valley,Speechiness,0.2539130434782609
Call Me The Breeze,Paradise Valley,Speechiness,0.4026086956521739
Who You Love (feat. Katy Perry),Paradise Valley,Speechiness,0.3321739130434782
I Will Be Found (Lost At Sea),Paradise Valley,Speechiness,0.21130434782608692
Wildfire (feat. Frank Ocean),Paradise Valley,Speechiness,0.3695652173913044
You're No One 'Til Someone Lets You Down,Paradise Valley,Speechiness,0.2573913043478261
Badge And Gun,Paradise Valley,Speechiness,0.26260869565217393
On The Way Home,Paradise Valley,Speechiness,0.0
Queen of California,Born and Raised,Speechiness,0.26956521739130435
The Age of Worry,Born and Raised,Speechiness,0.2182608695652174
Shadow Days,Born and Raised,Speechiness,0.2208695652173913
Speak For Me,Born and Raised,Speechiness,0.24695652173913044
Something Like Olivia,Born and Raised,Speechiness,0.32521739130434785
Born and Raised,Born and Raised,Speechiness,0.21565217391304345
If I Ever Get Around To Living,Born and Raised,Speechiness,0.24695652173913044
Love Is A Verb,Born and Raised,Speechiness,0.3695652173913044
"Walt Grace's Submarine Test, January 1967",Born and Raised,Speechiness,0.2852173913043478
"Whiskey, Whiskey, Whiskey",Born and Raised,Speechiness,0.2878260869565217
A Face To Call Home,Born and Raised,Speechiness,0.21478260869565216
Born and Raised - Reprise,Born and Raised,Speechiness,0.21043478260869564
Heartbreak Warfare,Battle Studies,Speechiness,0.19565217391304346
All We Ever Do Is Say Goodbye,Battle Studies,Speechiness,0.21478260869565216
Half of My Heart,Battle Studies,Speechiness,0.2182608695652174
Who Says,Battle Studies,Speechiness,0.24956521739130433
Perfectly Lonely,Battle Studies,Speechiness,0.20869565217391303
Assassin,Battle Studies,Speechiness,0.4217391304347826
Crossroads,Battle Studies,Speechiness,0.4904347826086956
War of My Life,Battle Studies,Speechiness,0.2782608695652174
Edge of Desire,Battle Studies,Speechiness,0.23652173913043475
Do You Know Me,Battle Studies,Speechiness,0.26
"Friends, Lovers or Nothing",Battle Studies,Speechiness,0.25217391304347825
Waiting On the World to Change,Continuum,Speechiness,1.0
I Don't Trust Myself (With Loving You),Continuum,Speechiness,0.30782608695652175
Belief,Continuum,Speechiness,0.29826086956521736
Gravity,Continuum,Speechiness,0.29739130434782607
The Heart of Life,Continuum,Speechiness,0.2617391304347826
Vultures,Continuum,Speechiness,0.2643478260869565
Stop This Train,Continuum,Speechiness,0.27304347826086955
Slow Dancing in a Burning Room,Continuum,Speechiness,0.2373913043478261
Bold as Love,Continuum,Speechiness,0.3643478260869565
Dreaming with a Broken Heart,Continuum,Speechiness,0.2608695652173913
In Repair,Continuum,Speechiness,0.25478260869565217
I'm Gonna Find Another You,Continuum,Speechiness,0.2634782608695652
Clarity,Heavier Things,Speechiness,0.33391304347826084
Bigger Than My Body,Heavier Things,Speechiness,0.28695652173913044
Something's Missing,Heavier Things,Speechiness,0.26260869565217393
New Deep,Heavier Things,Speechiness,0.23391304347826086
Come Back to Bed,Heavier Things,Speechiness,0.23217391304347826
Home Life,Heavier Things,Speechiness,0.21304347826086956
Split Screen Sadness,Heavier Things,Speechiness,0.20869565217391303
Daughters,Heavier Things,Speechiness,0.2382608695652174
Only Heart,Heavier Things,Speechiness,0.2956521739130435
Wheel,Heavier Things,Speechiness,0.2382608695652174
No Such Thing,Room For Squares,Speechiness,0.2678260869565217
Why Georgia,Room For Squares,Speechiness,0.21391304347826087
My Stupid Mouth,Room For Squares,Speechiness,0.23565217391304347
Your Body Is a Wonderland,Room For Squares,Speechiness,0.20521739130434782
Neon,Room For Squares,Speechiness,0.31304347826086953
City Love,Room For Squares,Speechiness,0.2643478260869565
83,Room For Squares,Speechiness,0.2513043478260869
3x5,Room For Squares,Speechiness,0.23913043478260868
Love Song for No One,Room For Squares,Speechiness,0.27043478260869563
Back to You,Room For Squares,Speechiness,0.2843478260869565
Great Indoors,Room For Squares,Speechiness,0.2252173913043478
Not Myself,Room For Squares,Speechiness,0.20347826086956522
St. Patrick's Day,Room For Squares,Speechiness,0.2243478260869565
Back To You - EP Version,Inside Wants Out,Speechiness,0.2747826086956522
No Such Thing - Demo Version,Inside Wants Out,Speechiness,0.24608695652173912
My Stupid Mouth - Demo Version,Inside Wants Out,Speechiness,0.28956521739130436
Neon - EP Version,Inside Wants Out,Speechiness,0.437391304347826
Victoria - EP Version,Inside Wants Out,Speechiness,0.32869565217391306
Love Soon - EP Version,Inside Wants Out,Speechiness,0.26956521739130435
Comfortable - EP Version,Inside Wants Out,Speechiness,0.24869565217391304
Quiet - EP Version,Inside Wants Out,Speechiness,0.33304347826086955
Still Feel Like Your Man,The Search for Everything,Tempo,0.5782704736971284
Emoji of a Wave,The Search for Everything,Tempo,0.9041206468679265
Helpless,The Search for Everything,Tempo,0.5671166380321252
Love on the Weekend,The Search for Everything,Tempo,0.6543401783522866
In the Blood,The Search for Everything,Tempo,0.4363740489241594
Changing,The Search for Everything,Tempo,1.0
"Theme from ""The Search for Everything""",The Search for Everything,Tempo,0.4961847882407483
Moving On and Getting Over,The Search for Everything,Tempo,0.51290190624233
Never on the Day You Leave,The Search for Everything,Tempo,0.7629823556682757
Rosie,The Search for Everything,Tempo,0.7575990618778804
Roll it on Home,The Search for Everything,Tempo,0.8451498541001936
You're Gonna Live Forever in Me,The Search for Everything,Tempo,0.7425836537674875
Wildfire,Paradise Valley,Tempo,0.5290517876135155
Dear Marie,Paradise Valley,Tempo,0.5181433908751261
Waitin' On The Day,Paradise Valley,Tempo,0.6544819875098857
Paper Doll,Paradise Valley,Tempo,0.8391338732989718
Call Me The Breeze,Paradise Valley,Tempo,0.9495541192833183
Who You Love (feat. Katy Perry),Paradise Valley,Tempo,0.7958057214540893
I Will Be Found (Lost At Sea),Paradise Valley,Tempo,0.7628405465106766
Wildfire (feat. Frank Ocean),Paradise Valley,Tempo,0.46880471242739097
You're No One 'Til Someone Lets You Down,Paradise Valley,Tempo,0.5242684556437317
Badge And Gun,Paradise Valley,Tempo,0.7029916278055032
On The Way Home,Paradise Valley,Tempo,0.0
Queen of California,Born and Raised,Tempo,0.4529602661648804
The Age of Worry,Born and Raised,Tempo,0.36728026398320107
Shadow Days,Born and Raised,Tempo,0.8014617251629441
Speak For Me,Born and Raised,Tempo,0.6160571599989091
Something Like Olivia,Born and Raised,Tempo,0.5388475278845891
Born and Raised,Born and Raised,Tempo,0.7188633450598598
If I Ever Get Around To Living,Born and Raised,Tempo,0.4364122283127437
Love Is A Verb,Born and Raised,Tempo,0.3598516458043579
"Walt Grace's Submarine Test, January 1967",Born and Raised,Tempo,0.872055414655431
"Whiskey, Whiskey, Whiskey",Born and Raised,Tempo,0.6169134691428727
A Face To Call Home,Born and Raised,Tempo,0.7421582262946903
Born and Raised - Reprise,Born and Raised,Tempo,0.5889607025007499
Heartbreak Warfare,Battle Studies,Tempo,0.5292263219613298
All We Ever Do Is Say Goodbye,Battle Studies,Tempo,0.7083967383893752
Half of My Heart,Battle Studies,Tempo,0.6275491559628024
Who Says,Battle Studies,Tempo,0.4933704218822438
Perfectly Lonely,Battle Studies,Tempo,0.5005808721263192
Assassin,Battle Studies,Tempo,0.8722844909869372
Crossroads,Battle Studies,Tempo,0.6229567209359403
War of My Life,Battle Studies,Tempo,0.643257247266083
Edge of Desire,Battle Studies,Tempo,0.3623933022444026
Do You Know Me,Battle Studies,Tempo,0.43594862145136215
"Friends, Lovers or Nothing",Battle Studies,Tempo,0.7326733753306607
Waiting On the World to Change,Continuum,Tempo,0.964029561755161
I Don't Trust Myself (With Loving You),Continuum,Tempo,0.4582944721699528
Belief,Continuum,Tempo,0.5527720963211432
Gravity,Continuum,Tempo,0.6762115138127573
The Heart of Life,Continuum,Tempo,0.9597207450434972
Vultures,Continuum,Tempo,0.5334751424909324
Stop This Train,Continuum,Tempo,0.4882107502249856
Slow Dancing in a Burning Room,Continuum,Tempo,0.7316807112274674
Bold as Love,Continuum,Tempo,0.6866453952930268
Dreaming with a Broken Heart,Continuum,Tempo,0.7416400774496168
In Repair,Continuum,Tempo,0.791289645204396
I'm Gonna Find Another You,Continuum,Tempo,0.410619324224822
Clarity,Heavier Things,Tempo,0.5165671275464288
Bigger Than My Body,Heavier Things,Tempo,0.6397938313016444
Something's Missing,Heavier Things,Tempo,0.8291854154735606
New Deep,Heavier Things,Tempo,0.7908205841446453
Come Back to Bed,Heavier Things,Tempo,0.6241511903787941
Home Life,Heavier Things,Tempo,0.5780468515639914
Split Screen Sadness,Heavier Things,Tempo,0.5889716108974883
Daughters,Heavier Things,Tempo,0.6812021053205705
Only Heart,Heavier Things,Tempo,0.6596416591671438
Wheel,Heavier Things,Tempo,0.6391175107038642
No Such Thing,Room For Squares,Tempo,0.7195069404674248
Why Georgia,Room For Squares,Tempo,0.5285936349505032
My Stupid Mouth,Room For Squares,Tempo,0.48446371594534887
Your Body Is a Wonderland,Room For Squares,Tempo,0.5127491886879926
Neon,Room For Squares,Tempo,0.5562409664839509
City Love,Room For Squares,Tempo,0.36872562655103763
83,Room For Squares,Tempo,0.6652594834874144
3x5,Room For Squares,Tempo,0.5290245166216695
Love Song for No One,Room For Squares,Tempo,0.7855354659248956
Back to You,Room For Squares,Tempo,0.5560009817557064
Great Indoors,Room For Squares,Tempo,0.5997218358831711
Not Myself,Room For Squares,Tempo,0.4908287654421991
St. Patrick's Day,Room For Squares,Tempo,0.6975374294363086
Back To You - EP Version,Inside Wants Out,Tempo,0.5420055087403528
No Such Thing - Demo Version,Inside Wants Out,Tempo,0.704387902588017
My Stupid Mouth - Demo Version,Inside Wants Out,Tempo,0.9551992145954348
Neon - EP Version,Inside Wants Out,Tempo,0.5949548665084948
Victoria - EP Version,Inside Wants Out,Tempo,0.39756197332897
Love Soon - EP Version,Inside Wants Out,Tempo,0.5307153181161198
Comfortable - EP Version,Inside Wants Out,Tempo,0.46213422782186586
Quiet - EP Version,Inside Wants Out,Tempo,0.5630368976519676
